City_ID,City,Lat,Lng,Max Temp,Humidity,Cloudiness,Wind Speed,Country,Date
0,Praia,14.9215,-23.5087,70.34,78,20,16.11,CV,2022-05-01 01:14:48
1,Hisor,38.525,68.5512,62.35,44,100,3.47,TJ,2022-05-01 01:14:49
2,Ushuaia,-54.8,-68.3,40.66,65,20,13.8,AR,2022-05-01 01:14:49
3,Lagoa,39.05,-27.9833,60.66,88,0,7.05,PT,2022-05-01 01:14:50
4,Grootfontein,-19.5667,18.1167,65.61,45,91,5.68,NA,2022-05-01 01:14:50
5,Cape Town,-33.9258,18.4232,60.91,82,5,5.99,ZA,2022-05-01 01:14:18
6,Kasganj,27.8167,78.65,85.87,17,43,7.05,IN,2022-05-01 01:14:51
7,Saldanha,-33.0117,17.9442,57.74,89,6,9.89,ZA,2022-05-01 01:14:52
8,Port Elizabeth,-33.918,25.5701,61.32,69,39,4.0,ZA,2022-05-01 01:11:32
9,Xanxere,-26.8769,-52.4042,62.28,97,100,3.24,BR,2022-05-01 01:14:52
10,Busselton,-33.65,115.3333,61.45,70,0,4.23,AU,2022-05-01 01:14:53
11,Port Alfred,-33.5906,26.891,54.18,82,33,1.99,ZA,2022-05-01 01:14:54
12,Vila Velha,-20.3297,-40.2925,75.15,90,75,4.61,BR,2022-05-01 01:10:19
13,Kruisfontein,-34.0033,24.7314,52.97,77,100,6.89,ZA,2022-05-01 01:14:54
14,Ponta Do Sol,32.6667,-17.1,66.83,64,0,3.51,PT,2022-05-01 01:14:55
15,Buenos Aires,-34.6132,-58.3772,56.93,62,0,2.3,AR,2022-05-01 01:13:28
16,Milverton,43.5668,-80.9164,49.12,55,100,11.9,CA,2022-05-01 01:14:56
17,Longyearbyen,78.2186,15.6401,12.04,57,0,4.61,SJ,2022-05-01 01:14:56
18,Dikson,73.5069,80.5464,17.62,94,100,15.61,RU,2022-05-01 01:14:57
19,East London,-33.0153,27.9116,60.55,70,6,11.01,ZA,2022-05-01 01:12:34
20,Marietta,33.9526,-84.5499,74.89,70,75,9.22,US,2022-05-01 01:14:57
21,Umm Kaddadah,13.6017,26.6876,80.91,11,79,5.95,SD,2022-05-01 01:14:58
22,Primorsk,46.7348,36.3443,50.99,61,83,13.82,UA,2022-05-01 01:14:59
23,Henties Bay,-22.116,14.2845,57.31,88,0,5.5,NA,2022-05-01 01:14:59
24,Porto Novo,6.4965,2.6036,79.65,82,57,5.08,BJ,2022-05-01 01:15:00
25,Touros,-5.1989,-35.4608,79.48,79,85,13.67,BR,2022-05-01 01:14:07
26,Torbay,47.6666,-52.7314,42.89,95,100,5.75,CA,2022-05-01 01:15:00
27,Aqtobe,50.2797,57.2072,50.09,100,100,6.71,KZ,2022-05-01 01:12:54
28,Port Blair,11.6667,92.75,83.88,69,95,3.31,IN,2022-05-01 01:15:01
29,Hermanus,-34.4187,19.2345,57.61,84,9,6.15,ZA,2022-05-01 01:15:01
30,Forestville,38.8451,-76.875,59.38,51,0,3.44,US,2022-05-01 01:15:02
31,Lethem,3.3803,-59.7968,80.56,63,51,4.79,GY,2022-05-01 01:15:02
32,Mazamari,-11.3258,-74.5308,68.92,96,56,1.36,PE,2022-05-01 01:15:03
33,Saint-Philippe,-21.3585,55.7679,74.79,78,47,7.47,RE,2022-05-01 01:15:04
34,Arraial Do Cabo,-22.9661,-42.0278,73.87,85,92,11.43,BR,2022-05-01 01:15:05
35,Valparaiso,-33.0393,-71.6273,58.64,70,0,4.61,CL,2022-05-01 01:12:12
36,Paamiut,61.994,-49.6678,33.58,95,100,11.63,GL,2022-05-01 01:15:05
37,Santo Antonio Do Monte,-20.0872,-45.2936,66.33,68,86,7.14,BR,2022-05-01 01:15:06
38,Altinopolis,-21.0256,-47.3739,69.15,83,70,4.09,BR,2022-05-01 01:15:07
39,Namibe,-15.1961,12.1522,75.2,83,89,4.36,AO,2022-05-01 01:15:08
40,Pisco,-13.7,-76.2167,65.01,82,0,16.11,PE,2022-05-01 01:14:52
41,Palera,25.0167,79.2333,88.16,21,0,6.58,IN,2022-05-01 01:15:08
42,Grindavik,63.8424,-22.4338,44.55,87,75,12.66,IS,2022-05-01 01:15:09
43,Jamestown,42.097,-79.2353,55.04,32,0,10.36,US,2022-05-01 01:11:32
44,Saint George,37.1041,-113.5841,84.94,10,0,11.5,US,2022-05-01 01:11:53
45,Santa Rosa,14.3122,121.1114,90.1,66,53,10.69,PH,2022-05-01 01:11:25
46,Chuy,-33.6971,-53.4616,56.28,73,100,5.95,UY,2022-05-01 01:16:10
47,Sovetskiy,61.3614,63.5842,31.17,65,14,8.1,RU,2022-05-01 01:16:10
48,Oranjemund,-28.55,16.4333,53.49,86,0,8.66,NA,2022-05-01 01:16:11
49,Belyy Yar,53.6039,91.3903,54.86,49,0,4.47,RU,2022-05-01 01:16:12
50,Qaanaaq,77.484,-69.3632,7.3,80,20,6.89,GL,2022-05-01 01:16:12
51,Port Hawkesbury,45.6169,-61.3485,37.44,97,100,12.66,CA,2022-05-01 01:16:13
52,Sao Filipe,14.8961,-24.4956,72.5,76,43,9.33,CV,2022-05-01 01:16:14
53,Punta Arenas,-53.15,-70.9167,41.11,87,40,8.05,CL,2022-05-01 01:13:48
54,Caravelas,-17.7125,-39.2481,74.73,81,1,4.25,BR,2022-05-01 01:16:14
55,Georgetown,5.4112,100.3354,85.95,84,40,5.75,MY,2022-05-01 01:11:43
56,Tukan,53.8409,57.4552,39.67,82,56,2.13,RU,2022-05-01 01:16:15
57,Peniche,39.3558,-9.3811,58.28,92,85,10.78,PT,2022-05-01 01:16:16
58,Sompeta,18.9333,84.6,82.63,79,6,11.9,IN,2022-05-01 01:16:16
59,Iqaluit,63.7506,-68.5145,19.13,79,20,0.0,CA,2022-05-01 01:16:17
60,Sangueya,10.7,-14.3667,76.75,70,79,3.47,GN,2022-05-01 01:16:18
61,Taoudenni,22.6783,-3.9836,77.83,22,0,16.55,ML,2022-05-01 01:16:18
62,Bandarbeyla,9.4942,50.8122,82.47,79,81,2.44,SO,2022-05-01 01:16:19
63,Bengkulu,-3.8004,102.2655,75.6,93,100,12.77,ID,2022-05-01 01:16:20
64,Tres Arroyos,-38.3739,-60.2798,45.12,60,17,8.88,AR,2022-05-01 01:16:20
65,Bredasdorp,-34.5322,20.0403,54.3,91,6,5.37,ZA,2022-05-01 01:16:21
66,Tiznit,29.5833,-9.5,67.14,35,0,2.35,MA,2022-05-01 01:16:22
67,Maruim,-10.7375,-37.0817,80.56,86,100,3.69,BR,2022-05-01 01:16:22
68,Codrington,-38.2667,141.9667,64.33,65,97,14.47,AU,2022-05-01 01:16:23
69,Abnub,27.2696,31.1511,72.43,36,0,10.31,EG,2022-05-01 01:16:24
70,Castro,-24.7911,-50.0119,58.21,98,51,4.59,BR,2022-05-01 01:16:24
71,Garissa,-0.4536,39.6401,78.28,79,79,15.61,KE,2022-05-01 01:16:25
72,Ancud,-41.8697,-73.8203,50.54,89,100,6.11,CL,2022-05-01 01:16:25
73,Pitimbu,-7.4706,-34.8086,77.59,73,99,12.15,BR,2022-05-01 01:16:26
74,Shahreza,32.0339,51.8794,53.69,67,0,3.33,IR,2022-05-01 01:16:27
75,Diego De Almagro,-26.3667,-70.05,59.94,55,4,1.12,CL,2022-05-01 01:11:29
76,Saint-Augustin,51.226,-58.6502,38.62,90,100,16.28,CA,2022-05-01 01:16:27
77,Mahebourg,-20.4081,57.7,75.49,88,40,8.05,MU,2022-05-01 01:16:28
78,Causapscal,48.3542,-67.227,37.35,98,100,9.57,CA,2022-05-01 01:16:29
79,Hualmay,-11.0964,-77.6139,65.95,87,58,9.17,PE,2022-05-01 01:16:29
80,Vardo,70.3705,31.1107,28.85,72,99,17.47,NO,2022-05-01 01:16:30
81,Ribeira Grande,38.5167,-28.7,61.86,86,8,3.27,PT,2022-05-01 01:16:30
82,Ishurdi,24.1333,89.0833,81.37,81,64,7.65,BD,2022-05-01 01:16:31
83,Beloha,-25.1667,45.05,65.86,86,0,7.85,MG,2022-05-01 01:16:31
84,Quatre Cocos,-20.2078,57.7625,75.31,84,32,9.98,MU,2022-05-01 01:16:32
85,Kidal,18.4411,1.4078,84.52,10,6,12.3,ML,2022-05-01 01:16:33
86,Sistranda,63.7256,8.834,42.76,82,78,16.44,NO,2022-05-01 01:16:33
87,Praia Da Vitoria,38.7333,-27.0667,59.76,94,20,4.27,PT,2022-05-01 01:16:34
88,Sinnamary,5.3833,-52.95,78.15,84,44,9.13,GF,2022-05-01 01:16:34
89,Carutapera,-1.195,-46.02,75.04,94,85,3.78,BR,2022-05-01 01:17:35
90,Narsaq,60.9167,-46.05,44.82,72,19,0.65,GL,2022-05-01 01:17:36
91,Awbari,26.5921,12.7805,75.92,14,100,13.44,LY,2022-05-01 01:17:36
92,Leshukonskoye,64.8989,45.7622,18.77,96,22,3.36,RU,2022-05-01 01:17:36
93,Darjiling,27.0333,88.2667,52.3,84,100,3.74,IN,2022-05-01 01:17:37
94,Osypenko,46.9136,36.8253,52.32,58,95,13.22,UA,2022-05-01 01:17:38
95,Knappskog,60.3819,5.0558,41.05,87,0,6.91,NO,2022-05-01 01:17:38
96,Comarapa,-17.9,-64.4833,53.26,97,38,3.91,BO,2022-05-01 01:17:39
97,Kommunar,59.6206,30.39,38.73,78,92,6.58,RU,2022-05-01 01:17:39
98,San Rafael,-34.6177,-68.3301,53.8,49,0,2.86,AR,2022-05-01 01:15:36
99,Korla,41.7597,86.1469,57.88,24,6,5.77,CN,2022-05-01 01:17:40
100,Shache,38.4167,77.2406,59.5,15,12,5.82,CN,2022-05-01 01:17:41
101,Bhawana,31.5692,72.649,85.06,24,0,8.08,PK,2022-05-01 01:17:41
102,Kovylkino,54.0388,43.9139,30.92,75,7,5.55,RU,2022-05-01 01:17:42
103,Xuddur,4.1213,43.8894,74.41,82,100,5.79,SO,2022-05-01 01:17:42
104,Kondinskoye,59.6481,67.41,32.83,59,14,6.02,RU,2022-05-01 01:17:43
105,Doka,13.5167,35.7667,87.24,16,36,11.88,SD,2022-05-01 01:17:44
106,Cayenne,4.9333,-52.3333,82.09,4,20,5.99,GF,2022-05-01 01:17:44
107,Ovruch,51.3246,28.8035,41.25,78,89,3.76,UA,2022-05-01 01:17:45
108,Miandrivazo,-19.5167,45.4667,70.29,88,0,2.24,MG,2022-05-01 01:17:45
109,Victoria,22.2855,114.1577,70.25,90,100,18.99,HK,2022-05-01 01:12:46
110,Sioux Lookout,50.1001,-91.917,39.29,89,100,12.91,CA,2022-05-01 01:13:46
111,Takoradi,4.8845,-1.7554,80.04,84,23,5.99,GH,2022-05-01 01:13:25
112,Villingen-Schwenningen,48.0667,8.45,41.81,65,6,0.51,DE,2022-05-01 01:17:46
113,Meulaboh,4.1363,96.1285,79.88,85,100,2.71,ID,2022-05-01 01:17:46
114,Trogir,43.5125,16.2517,57.88,66,40,3.44,HR,2022-05-01 01:17:47
115,Palasa,18.7667,84.4167,81.34,86,8,9.17,IN,2022-05-01 01:17:47
116,Kamenka,51.3223,42.7678,37.2,70,8,7.49,RU,2022-05-01 01:17:48
117,Leningradskiy,69.3833,178.4167,15.85,82,53,4.63,RU,2022-05-01 01:17:48
118,Ouahigouya,13.5828,-2.4216,90.59,30,74,7.56,BF,2022-05-01 01:17:49
119,Ilulissat,69.2167,-51.1,17.62,49,5,0.0,GL,2022-05-01 01:17:50
120,Bloemfontein,-29.1211,26.214,38.68,87,0,0.0,ZA,2022-05-01 01:17:50
121,Disna,55.568,28.1971,33.94,67,33,2.13,BY,2022-05-01 01:17:51
122,Upernavik,72.7868,-56.1549,3.45,75,7,6.2,GL,2022-05-01 01:17:51
123,Biu,10.6129,12.1946,78.66,53,100,5.77,NG,2022-05-01 01:17:52
124,Cidreira,-30.1811,-50.2056,64.9,85,100,7.05,BR,2022-05-01 01:17:52
125,Skjervoy,70.0311,20.9714,28.4,79,100,15.43,NO,2022-05-01 01:17:53
126,El Cope,8.6167,-80.6,70.61,93,100,0.87,PA,2022-05-01 01:17:54
127,Mar Del Plata,-38.0023,-57.5575,49.87,75,0,5.99,AR,2022-05-01 01:17:54
128,Itarema,-2.9248,-39.9167,76.95,87,84,7.18,BR,2022-05-01 01:17:55
129,Kavaratti,10.5669,72.642,85.14,71,77,12.66,IN,2022-05-01 01:17:55
130,Cap Malheureux,-19.9842,57.6142,73.47,86,15,1.01,MU,2022-05-01 01:17:56
131,Bathsheba,13.2167,-59.5167,79.41,83,40,16.11,BB,2022-05-01 01:18:57
132,Salalah,17.0151,54.0924,84.29,84,75,3.44,OM,2022-05-01 01:18:57
133,Ostrovnoy,68.0531,39.5131,14.23,92,84,9.8,RU,2022-05-01 01:18:58
134,Agadez,19.75,10.25,84.49,8,76,7.45,NE,2022-05-01 01:18:58
135,Barentu,15.1139,37.5928,76.69,31,6,6.8,ER,2022-05-01 01:18:59
136,Dogondoutchi,13.6393,4.0287,89.76,12,100,5.17,NE,2022-05-01 01:19:00
137,Burgos,42.3394,-3.7079,48.61,93,75,8.05,ES,2022-05-01 01:19:00
138,Rawson,-43.3002,-65.1023,48.54,61,7,17.85,AR,2022-05-01 01:19:01
139,Olinda,-8.0089,-34.8553,82.13,69,75,9.22,BR,2022-05-01 01:19:01
140,Caucaia,-3.7361,-38.6531,80.55,79,40,6.91,BR,2022-05-01 01:19:02
141,Constitucion,-35.3333,-72.4167,52.16,67,0,7.7,CL,2022-05-01 01:19:02
142,Bambous Virieux,-20.3428,57.7575,75.45,88,40,8.05,MU,2022-05-01 01:19:03
143,Jacksonville,30.3322,-81.6556,73.4,73,40,9.22,US,2022-05-01 01:18:08
144,Canto Do Buriti,-8.11,-42.9444,73.08,58,100,3.4,BR,2022-05-01 01:19:03
145,Pavlikeni,43.2428,25.3219,45.68,88,0,2.21,BG,2022-05-01 01:19:04
146,Hithadhoo,-0.6,73.0833,84.81,69,100,12.3,MV,2022-05-01 01:16:52
147,Cardoso,-20.0819,-49.9142,75.85,47,62,3.69,BR,2022-05-01 01:19:04
148,Carballo,43.213,-8.691,55.76,90,41,1.61,ES,2022-05-01 01:19:05
149,Derzhavinsk,51.1,66.3167,55.02,71,100,9.8,KZ,2022-05-01 01:19:06
150,Salto,-31.3833,-57.9667,57.87,80,87,7.0,UY,2022-05-01 01:19:06
151,Saint-Pierre,-21.3393,55.4781,74.91,80,0,4.61,RE,2022-05-01 01:19:07
152,Terre-De-Bas,15.8501,-61.6442,78.31,81,100,14.79,GP,2022-05-01 01:19:07
153,Nzega,-2.479,29.5564,54.12,96,46,3.51,RW,2022-05-01 01:19:08
154,Margate,51.3813,1.3862,46.69,78,100,1.01,GB,2022-05-01 01:19:09
155,Maniitsoq,65.4167,-52.9,21.31,75,3,11.48,GL,2022-05-01 01:19:09
156,Puerto Leguizamo,-0.1934,-74.7819,69.44,99,95,2.62,CO,2022-05-01 01:19:10
157,Ugoofaaru,5.6667,73.0,84.47,74,100,14.43,MV,2022-05-01 01:19:11
158,Proletarskiy,50.7914,35.7731,38.55,87,9,7.0,RU,2022-05-01 01:19:11
159,Pangnirtung,66.1451,-65.7125,21.92,95,99,3.98,CA,2022-05-01 01:19:12
160,Sao Felix Do Xingu,-6.6447,-51.995,71.31,97,22,1.83,BR,2022-05-01 01:19:12
161,Comodoro Rivadavia,-45.8667,-67.5,42.66,75,0,6.91,AR,2022-05-01 01:14:15
162,Sault Sainte Marie,46.5168,-84.3333,52.36,33,0,11.5,CA,2022-05-01 01:17:27
163,Tasiilaq,65.6145,-37.6368,32.16,60,21,4.03,GL,2022-05-01 01:19:13
164,Pervomayskoye,43.919,46.7102,53.87,92,5,7.02,RU,2022-05-01 01:19:14
165,Kem,64.9555,34.5793,25.99,84,22,7.0,RU,2022-05-01 01:19:14
166,Ciudad Guayana,8.3533,-62.6528,81.52,81,99,8.34,VE,2022-05-01 01:14:53
167,Cassilandia,-19.1133,-51.7342,70.92,59,0,0.76,BR,2022-05-01 01:15:24
168,Olafsvik,64.8945,-23.7142,44.06,84,100,15.3,IS,2022-05-01 01:19:15
169,Marzuq,14.4,46.4667,73.83,57,8,3.24,YE,2022-05-01 01:19:16
170,Manaure,11.7751,-72.4445,82.99,79,100,9.4,CO,2022-05-01 01:16:09
171,Ladario,-19.0047,-57.6017,78.26,54,34,1.68,BR,2022-05-01 01:19:16
172,Imbituba,-28.24,-48.6703,67.86,93,100,11.12,BR,2022-05-01 01:19:17
173,Gat,31.61,34.7642,65.8,100,79,12.06,IL,2022-05-01 01:19:18
174,Matay,28.419,30.7792,68.38,51,0,9.48,EG,2022-05-01 01:19:18
175,Turkistan,43.0,68.0,72.55,22,100,5.48,KZ,2022-05-01 01:19:19
176,Meybod,32.2501,54.0166,62.62,57,95,1.07,IR,2022-05-01 01:19:19
177,Oshakati,-17.7833,15.6833,62.62,34,100,5.46,NA,2022-05-01 01:19:20
178,Mollendo,-17.0231,-72.0147,64.8,84,43,5.7,PE,2022-05-01 01:19:20
179,Dingle,10.9995,122.6711,84.18,71,100,9.33,PH,2022-05-01 01:20:21
180,Bereda,43.2686,-7.5406,51.15,100,2,0.96,ES,2022-05-01 01:20:22
181,Luanda,-8.8368,13.2343,76.17,88,100,9.46,AO,2022-05-01 01:18:50
182,Luderitz,-26.6481,15.1594,61.56,44,1,9.24,NA,2022-05-01 01:20:22
183,Havelock,34.8791,-76.9013,69.78,85,75,5.75,US,2022-05-01 01:20:23
184,Killybegs,54.6333,-8.45,50.2,91,100,14.85,IE,2022-05-01 01:20:24
185,Haradok,55.4624,29.9816,37.51,79,65,3.8,BY,2022-05-01 01:20:24
186,Kibre Mengist,5.8833,38.9833,56.52,99,78,2.82,ET,2022-05-01 01:20:25
187,Dharampur,20.5333,73.1833,79.72,72,4,5.35,IN,2022-05-01 01:20:25
188,Sisimiut,66.9395,-53.6735,17.73,70,17,7.11,GL,2022-05-01 01:20:26
189,Suruc,36.9761,38.425,60.28,85,100,11.99,TR,2022-05-01 01:20:28
190,Nouna,12.7333,-3.8667,93.52,27,89,9.33,BF,2022-05-01 01:20:28
191,Montlucon,46.3333,2.6,38.7,94,100,1.23,FR,2022-05-01 01:20:29
192,Eyl,7.9803,49.8164,82.72,77,58,2.57,SO,2022-05-01 01:20:29
193,Minab,27.1467,57.0801,79.12,73,0,2.3,IR,2022-05-01 01:20:30
194,Berlevag,70.8578,29.0864,22.8,69,100,20.47,NO,2022-05-01 01:20:30
195,Hindoria,23.9,79.5667,87.4,23,0,3.24,IN,2022-05-01 01:20:31
196,Souillac,-20.5167,57.5167,75.58,88,40,8.05,MU,2022-05-01 01:20:32
197,San Cristobal,7.7669,-72.225,73.58,98,100,5.12,VE,2022-05-01 01:20:32
198,Saint Anthony,45.0205,-93.218,50.67,92,100,10.36,US,2022-05-01 01:20:33
199,Aconibe,1.2968,10.9369,68.22,95,83,1.59,GQ,2022-05-01 01:20:33
200,Laguna,38.421,-121.4238,78.78,50,0,19.57,US,2022-05-01 01:20:34
201,Ponta Delgada,37.7333,-25.6667,62.51,82,20,3.44,PT,2022-05-01 01:20:34
202,Raudeberg,61.9875,5.1352,39.87,69,14,1.92,NO,2022-05-01 01:20:35
203,Klaksvik,62.2266,-6.589,45.52,80,95,5.5,FO,2022-05-01 01:20:36
204,Rio Grande,-32.035,-52.0986,58.95,75,100,2.55,BR,2022-05-01 01:20:36
205,Hobyo,5.3505,48.5268,83.97,73,70,10.33,SO,2022-05-01 01:20:37
206,Vuktyl,63.8567,57.3094,25.93,95,100,2.95,RU,2022-05-01 01:20:37
207,Mehamn,71.0357,27.8492,29.16,65,100,18.19,NO,2022-05-01 01:20:38
208,Beyneu,45.3167,55.2,61.77,69,23,7.54,KZ,2022-05-01 01:20:39
209,Loding,67.3,14.75,35.51,84,75,8.05,NO,2022-05-01 01:20:39
210,Qasigiannguit,68.8193,-51.1922,17.85,85,2,6.24,GL,2022-05-01 01:20:40
211,Acari,-15.4311,-74.6158,70.34,75,44,3.22,PE,2022-05-01 01:20:40
212,Ghanzi,-21.5667,21.7833,63.75,49,47,9.06,BW,2022-05-01 01:20:41
213,Swellendam,-34.0226,20.4417,54.27,87,11,2.04,ZA,2022-05-01 01:20:41
214,Shyroke,47.6917,33.2571,45.93,71,12,6.04,UA,2022-05-01 01:20:42
215,Mega,4.05,38.3,58.96,90,75,4.07,ET,2022-05-01 01:20:42
216,Sao Jose Da Coroa Grande,-8.8978,-35.1478,77.36,80,100,9.35,BR,2022-05-01 01:20:43
217,Axim,4.8699,-2.2405,79.65,85,43,5.57,GH,2022-05-01 01:20:44
218,Odoreu,47.8,23.0,48.85,100,20,5.75,RO,2022-05-01 01:20:44
219,Rocha,-34.4833,-54.3333,54.39,76,100,4.27,UY,2022-05-01 01:20:45
220,Khategaon,22.6,76.9167,85.68,38,2,6.31,IN,2022-05-01 01:20:45
221,Huarmey,-10.0681,-78.1522,66.63,88,58,8.95,PE,2022-05-01 01:20:46
222,Liliani,32.2065,72.9537,82.18,28,2,7.74,PK,2022-05-01 01:20:46
223,Coquimbo,-29.9533,-71.3436,55.13,94,0,0.0,CL,2022-05-01 01:20:26
224,Suez,29.9737,32.5263,64.13,62,6,4.5,EG,2022-05-01 01:16:37
225,Soyo,-6.1349,12.3689,77.83,88,100,5.26,AO,2022-05-01 01:20:47
226,Faya,18.3851,42.4509,62.71,52,96,3.85,SA,2022-05-01 01:20:48
227,Santa Cruz De Tenerife,28.4682,-16.2546,70.72,87,75,10.36,ES,2022-05-01 01:18:26
228,Kirundo,-2.5833,30.1667,58.62,97,38,2.64,BI,2022-05-01 01:21:48
229,Hagere Selam,6.4833,38.5167,47.39,92,100,3.6,ET,2022-05-01 01:21:49
230,Dwarka,22.2394,68.9678,83.12,85,4,15.75,IN,2022-05-01 01:21:49
231,Honningsvag,70.9821,25.9704,28.15,86,75,4.61,NO,2022-05-01 01:21:50
232,Pergamino,-33.89,-60.5736,47.17,67,35,3.13,AR,2022-05-01 01:21:51
233,Camana,-16.6228,-72.7111,66.42,81,65,6.78,PE,2022-05-01 01:21:51
234,Quartucciu,39.2519,9.1794,57.99,76,0,6.91,IT,2022-05-01 01:21:52
235,Clyde River,70.4692,-68.5914,12.43,92,100,5.75,CA,2022-05-01 01:21:52
236,Igrim,63.1906,64.4162,31.26,84,100,8.16,RU,2022-05-01 01:21:53
237,Adre,13.4667,22.2,80.92,18,100,5.1,TD,2022-05-01 01:21:53
238,Aswan,24.0934,32.907,82.45,16,3,11.27,EG,2022-05-01 01:21:54
239,San Vicente,-26.6167,-54.1333,63.27,100,100,0.58,AR,2022-05-01 01:21:55
240,Nanortalik,60.1432,-45.2371,35.35,92,100,8.32,GL,2022-05-01 01:21:55
241,Viedma,-40.8135,-62.9967,53.13,54,84,10.25,AR,2022-05-01 01:21:56
242,Akdepe,42.0551,59.3788,66.29,57,100,9.64,TM,2022-05-01 01:21:56
243,La Maddalena,41.2142,9.4083,59.05,76,100,12.86,IT,2022-05-01 01:17:10
244,Tornio,65.8481,24.1466,26.62,85,98,3.22,FI,2022-05-01 01:21:57
245,Albany,42.6001,-73.9662,52.21,47,4,3.65,US,2022-05-01 01:21:57
246,Port-Gentil,-0.7193,8.7815,80.64,83,17,8.19,GA,2022-05-01 01:21:58
247,Boden,65.8252,21.6886,35.6,98,100,2.17,SE,2022-05-01 01:21:58
248,San Lawrenz,36.0553,14.204,60.21,87,87,1.01,MT,2022-05-01 01:21:59
249,Monaragala,6.8714,81.3487,76.48,87,100,2.42,LK,2022-05-01 01:22:00
250,Conde,-7.2597,-34.9075,76.46,88,75,5.75,BR,2022-05-01 01:22:00
251,Zverinogolovskoye,54.4586,64.8542,40.71,61,100,10.27,RU,2022-05-01 01:22:01
252,Gravdal,68.1214,13.5031,36.9,76,100,13.44,NO,2022-05-01 01:22:02
253,Nuuk,64.1835,-51.7216,25.41,74,6,16.11,GL,2022-05-01 01:22:02
254,Loralai,30.3705,68.598,71.64,14,2,5.7,PK,2022-05-01 01:22:03
255,Buraydah,26.326,43.975,75.65,37,0,9.28,SA,2022-05-01 01:22:04
256,Chapais,49.7834,-74.8492,37.18,94,7,4.14,CA,2022-05-01 01:20:47
257,Lebu,-37.6167,-73.65,49.5,81,22,12.88,CL,2022-05-01 01:22:04
258,Telde,27.9924,-15.4192,64.62,68,20,23.02,ES,2022-05-01 01:22:05
259,Ueckermunde,53.7379,14.0447,50.56,83,100,5.26,DE,2022-05-01 01:22:05
260,Fenoarivo,-18.933,47.4354,59.07,94,20,4.61,MG,2022-05-01 01:22:06
261,Octeville,49.6261,-1.6435,46.89,87,0,4.61,FR,2022-05-01 01:22:07
262,Bytow,54.1706,17.4919,44.71,69,98,3.6,PL,2022-05-01 01:22:07
263,Varanasi,25.3333,83.0,78.89,73,40,11.5,IN,2022-05-01 01:22:08
264,Mastic Beach,40.7668,-72.8521,53.78,61,0,13.0,US,2022-05-01 01:22:08
265,Karasburg,-28.0167,18.75,54.0,25,0,8.16,NA,2022-05-01 01:22:09
266,Surt,31.2089,16.5887,65.3,75,42,20.54,LY,2022-05-01 01:22:09
267,Vila Franca Do Campo,37.7167,-25.4333,62.2,90,4,2.08,PT,2022-05-01 01:22:10
268,Tandil,-37.3217,-59.1332,40.68,70,7,6.2,AR,2022-05-01 01:22:10
269,Ust-Koksa,50.2696,85.6108,49.41,53,100,2.3,RU,2022-05-01 01:22:11
270,Mangan,27.5167,88.5333,70.61,77,86,0.69,IN,2022-05-01 01:18:55
271,Panaba,21.2833,-88.2667,77.13,76,19,8.79,MX,2022-05-01 01:22:12
272,Quarai,-30.3875,-56.4514,57.67,80,100,8.25,BR,2022-05-01 01:22:13
273,Shieli,44.1667,66.75,70.45,28,93,7.31,KZ,2022-05-01 01:22:13
274,Ambilobe,-13.2,49.05,70.93,95,2,3.04,MG,2022-05-01 01:23:14
275,Beinamar,8.6698,15.3813,79.92,62,100,4.21,TD,2022-05-01 01:23:15
276,Carnarvon,-24.8667,113.6333,77.07,44,0,11.5,AU,2022-05-01 01:21:32
277,Reconquista,-29.15,-59.65,56.7,76,100,6.6,AR,2022-05-01 01:23:16
278,Antofagasta,-23.65,-70.4,60.08,83,54,5.44,CL,2022-05-01 01:23:17
279,Los Llanos De Aridane,28.6585,-17.9182,62.35,87,0,16.11,ES,2022-05-01 01:22:30
280,Durban,-29.8579,31.0292,64.02,82,0,3.0,ZA,2022-05-01 01:23:17
281,Aksarka,66.5606,67.7975,16.38,87,23,10.69,RU,2022-05-01 01:23:18
282,Trindade,-16.6494,-49.4889,69.55,49,0,6.33,BR,2022-05-01 01:23:18
283,Chikwawa,-16.0335,34.8009,63.46,83,5,0.94,MW,2022-05-01 01:23:19
284,Angoche,-16.2325,39.9086,71.31,90,15,8.57,MZ,2022-05-01 01:23:19
285,San Luis,-33.295,-66.3356,51.37,58,0,6.51,AR,2022-05-01 01:23:19
286,Tsiroanomandidy,-18.7667,46.0333,62.33,97,1,2.46,MG,2022-05-01 01:23:20
287,Iralaya,15.0,-83.2333,79.05,76,98,9.53,HN,2022-05-01 01:23:21
288,Cockburn Town,21.4612,-71.1419,77.16,71,24,22.15,TC,2022-05-01 01:20:28
289,Usinsk,65.9939,57.5281,17.6,96,90,7.94,RU,2022-05-01 01:23:21
290,Cabedelo,-6.9811,-34.8339,77.67,76,96,12.62,BR,2022-05-01 01:23:22
291,Senneterre,48.3835,-77.2328,35.33,82,57,4.97,CA,2022-05-01 01:23:22
292,Manakara,-22.1333,48.0167,68.88,91,1,5.64,MG,2022-05-01 01:23:23
293,Saint-Francois,46.4154,3.9054,41.68,93,11,1.14,FR,2022-05-01 01:23:24
294,Santa Cruz,-17.8,-63.1667,71.06,88,0,4.61,BO,2022-05-01 01:23:24
295,Pilikwe,-22.799,27.1938,68.23,43,99,4.34,BW,2022-05-01 01:23:25
296,Riom,45.9167,2.9167,34.45,95,86,1.01,FR,2022-05-01 01:23:25
297,Baherden,38.4362,57.4316,65.41,70,100,0.98,TM,2022-05-01 01:23:26
298,Plouzane,48.3833,-4.6167,46.45,100,75,6.91,FR,2022-05-01 01:23:27
299,Kapchorwa,1.3965,34.4509,56.66,88,100,3.44,UG,2022-05-01 01:23:27
300,Belfast,54.5833,-5.9333,51.62,87,75,16.11,GB,2022-05-01 01:23:27
301,Peterhead,57.5058,-1.7981,46.8,97,100,14.18,GB,2022-05-01 01:23:28
302,Serebryansk,49.6925,83.2892,54.75,55,100,6.87,KZ,2022-05-01 01:23:29
303,Karacabey,40.2152,28.4038,53.98,93,100,5.75,TR,2022-05-01 01:21:01
304,Apatou,5.155,-54.3472,72.23,96,46,2.82,GF,2022-05-01 01:23:29
305,Shoranur,10.7667,76.2833,81.03,88,98,1.86,IN,2022-05-01 01:23:30
306,Bulz,46.9167,22.6833,45.91,80,86,4.23,RO,2022-05-01 01:23:30
307,Pahalgam,34.0333,75.3333,48.83,63,21,7.23,IN,2022-05-01 01:23:31
308,Marawi,7.9986,124.2928,77.41,75,37,3.18,PH,2022-05-01 01:23:31
309,Seinajoki,62.7945,22.8282,34.34,77,0,3.44,FI,2022-05-01 01:22:36
310,Yugorsk,61.3133,63.3319,30.96,67,14,7.92,RU,2022-05-01 01:22:05
311,Mongo,12.1844,18.693,89.55,38,76,5.79,TD,2022-05-01 01:23:32
312,Sorland,67.667,12.6934,38.14,86,100,20.11,NO,2022-05-01 01:23:33
313,Hansot,21.5833,72.8,82.44,79,4,12.35,IN,2022-05-01 01:23:33
314,Alta,69.9689,23.2717,27.19,80,100,1.14,NO,2022-05-01 01:23:34
315,Sur,22.5667,59.5289,86.07,60,100,4.27,OM,2022-05-01 01:23:34
316,Bangassou,4.7413,22.8184,68.59,98,100,0.36,CF,2022-05-01 01:23:35
317,Jumla,29.2747,82.1838,54.14,68,38,1.97,NP,2022-05-01 01:23:35
318,Abha,18.2164,42.5053,62.42,47,0,0.0,SA,2022-05-01 01:23:36
319,Salinopolis,-0.6136,-47.3561,76.96,89,85,5.73,BR,2022-05-01 01:23:36
320,Luce,48.4369,1.4636,43.56,78,100,3.0,FR,2022-05-01 01:24:37
321,La Baule-Escoublac,47.2922,-2.364,49.71,91,0,3.44,FR,2022-05-01 01:24:38
322,Severnoye,56.3491,78.3619,35.94,60,100,13.73,RU,2022-05-01 01:24:38
323,Lusambo,-4.9667,23.45,69.94,97,100,1.95,CD,2022-05-01 01:24:39
324,Basoko,1.2391,23.616,70.7,96,100,1.77,CD,2022-05-01 01:24:39
325,Richards Bay,-28.783,32.0377,63.79,84,0,9.04,ZA,2022-05-01 01:24:40
326,Vestmannaeyjar,63.4427,-20.2734,45.57,81,35,15.75,IS,2022-05-01 01:22:56
327,Geraldton,-28.7667,114.6,72.01,43,0,12.66,AU,2022-05-01 01:24:41
328,Arroio Grande,-32.2375,-53.0869,55.18,88,100,4.59,BR,2022-05-01 01:24:41
329,Riyadh,24.6877,46.7219,73.54,28,0,5.53,SA,2022-05-01 01:22:09
330,Hofn,64.2539,-15.2082,48.6,51,99,8.99,IS,2022-05-01 01:24:42
331,Krasnoselkup,65.7,82.4667,26.58,94,100,17.4,RU,2022-05-01 01:24:42
332,Yar-Sale,66.8333,70.8333,15.13,86,82,9.73,RU,2022-05-01 01:24:43
333,Inhambane,-23.865,35.3833,66.38,89,0,5.66,MZ,2022-05-01 01:24:43
334,Choszczno,53.169,15.4205,44.24,82,22,4.5,PL,2022-05-01 01:24:44
335,Raska,43.2872,20.6153,48.47,92,39,1.21,RS,2022-05-01 01:24:45
336,Pondicherry,11.93,79.83,83.88,82,100,11.39,IN,2022-05-01 01:24:45
337,Letlhakane,-21.4167,25.5833,66.76,43,4,8.37,BW,2022-05-01 01:24:46
338,Sao Sebastiao,-23.76,-45.4097,70.2,89,100,5.73,BR,2022-05-01 01:24:47
339,The Valley,18.217,-63.0578,78.66,79,100,8.37,AI,2022-05-01 01:24:47
340,Dalvik,65.9702,-18.5286,44.53,79,11,13.18,IS,2022-05-01 01:24:47
341,Hamilton,39.1834,-84.5333,69.26,77,0,16.11,US,2022-05-01 01:22:40
342,Lagos,6.5833,3.75,80.92,87,100,2.86,NG,2022-05-01 01:21:54
343,Iguape,-24.7081,-47.5553,70.99,86,97,6.6,BR,2022-05-01 01:24:48
344,Husavik,66.0449,-17.3389,44.44,76,6,7.58,IS,2022-05-01 01:24:49
345,Quepos,9.4236,-84.1652,77.34,90,100,2.82,CR,2022-05-01 01:24:49
346,Sao Gabriel Da Cachoeira,-0.1303,-67.0892,73.44,98,100,0.85,BR,2022-05-01 01:24:50
347,Nisia Floresta,-6.0911,-35.2086,80.98,81,97,9.78,BR,2022-05-01 01:24:50
348,Kalmar,56.6616,16.3616,31.93,100,75,1.14,SE,2022-05-01 01:24:51
349,Mwense,-10.3845,28.698,68.5,72,100,4.38,ZM,2022-05-01 01:24:51
350,Tall Kayf,37.0833,41.0667,62.37,73,100,12.93,TR,2022-05-01 01:24:52
351,Lebowakgomo,-24.2,29.5,56.3,80,3,4.59,ZA,2022-05-01 01:24:52
352,Itaituba,-4.2761,-55.9836,73.99,97,98,0.94,BR,2022-05-01 01:20:28
353,Porto Velho,-8.7619,-63.9039,75.25,94,20,3.44,BR,2022-05-01 01:24:53
354,Baran,25.1,76.5167,87.44,38,0,6.82,IN,2022-05-01 01:24:49
355,Robertsport,6.7533,-11.3686,81.61,80,36,4.85,LR,2022-05-01 01:24:54
356,Teguise,29.0605,-13.564,61.02,82,0,8.05,ES,2022-05-01 01:24:54
357,Chocope,-7.7914,-79.2217,61.65,82,64,10.16,PE,2022-05-01 01:24:55
358,Betma,22.6833,75.6167,81.55,48,0,12.48,IN,2022-05-01 01:24:55
359,Colquiri,-17.4167,-67.1333,39.47,82,40,4.9,BO,2022-05-01 01:24:56
360,Grand Gaube,-20.0064,57.6608,75.6,86,14,1.99,MU,2022-05-01 01:24:57
361,Borovoy,55.4333,86.0833,49.28,81,0,11.18,RU,2022-05-01 01:24:57
362,Havoysund,70.9963,24.6622,28.63,85,100,10.76,NO,2022-05-01 01:24:58
363,Pula,44.8683,13.8481,57.76,51,0,8.05,HR,2022-05-01 01:24:59
364,Gelibolu,40.4103,26.6708,53.46,85,59,7.58,TR,2022-05-01 01:24:59
365,Murbad,19.25,73.4,79.48,70,0,1.54,IN,2022-05-01 01:26:00
366,Carmelo,-33.9892,-58.2856,48.85,80,52,2.33,UY,2022-05-01 01:26:00
367,Moose Factory,51.2585,-80.6094,37.4,64,0,10.36,CA,2022-05-01 01:25:22
368,Galle,6.0367,80.217,81.66,83,100,12.39,LK,2022-05-01 01:26:01
369,Bohmte,52.3667,8.3167,49.82,81,88,3.78,DE,2022-05-01 01:26:02
370,Tazovskiy,67.4667,78.7,11.7,91,20,7.85,RU,2022-05-01 01:26:02
371,Sao Desiderio,-12.3633,-44.9733,69.96,54,93,4.9,BR,2022-05-01 01:26:03
372,Gwanda,-20.9333,29.0,62.67,52,7,8.28,ZW,2022-05-01 01:26:03
373,Sinjar,36.3209,41.8754,65.23,63,100,15.26,IQ,2022-05-01 01:26:04
374,Camacha,33.0833,-16.3333,60.22,88,40,11.5,PT,2022-05-01 01:26:05
375,Willowmore,-33.2926,23.4895,50.2,65,18,3.11,ZA,2022-05-01 01:26:06
376,Ronneby,56.21,15.276,41.5,100,100,3.44,SE,2022-05-01 01:26:06
377,Menongue,-14.6585,17.691,57.09,67,7,5.26,AO,2022-05-01 01:26:07
378,Bohicon,7.1783,2.0667,76.24,86,13,4.9,BJ,2022-05-01 01:26:07
379,Sandy Bay,-42.913,147.3532,62.26,67,75,12.66,AU,2022-05-01 01:26:08
380,Shankargarh,25.1833,81.6167,81.91,55,1,9.86,IN,2022-05-01 01:26:09
381,Osinki,52.8432,49.5132,38.08,88,13,11.36,RU,2022-05-01 01:26:09
382,Necochea,-38.5473,-58.7368,48.18,56,41,10.0,AR,2022-05-01 01:26:10
383,Barcelona,41.3888,2.159,64.72,82,20,4.61,ES,2022-05-01 01:26:10
384,Vallenar,-28.5708,-70.7581,63.86,58,0,2.17,CL,2022-05-01 01:26:11
385,Qandala,11.472,49.8728,85.06,73,29,1.03,SO,2022-05-01 01:26:12
386,Mazabuka,-15.856,27.748,56.35,64,5,2.39,ZM,2022-05-01 01:26:13
387,Agadir,30.4202,-9.5982,61.25,50,0,4.83,MA,2022-05-01 01:26:14
388,Dubki,43.0225,46.8372,48.6,90,32,4.14,RU,2022-05-01 01:26:14
389,Amol,36.4696,52.3507,61.52,95,100,5.68,IR,2022-05-01 01:26:15
390,Odry,49.6626,17.8308,52.88,65,100,2.84,CZ,2022-05-01 01:26:15
391,Jalu,29.0331,21.5482,75.61,20,97,10.2,LY,2022-05-01 01:26:16
392,Upington,-28.4478,21.2561,43.18,87,0,2.3,ZA,2022-05-01 01:26:17
393,Harper,4.375,-7.7169,79.16,85,100,4.45,LR,2022-05-01 01:26:17
394,Salaya,22.3167,69.6,81.73,87,0,12.46,IN,2022-05-01 01:26:18
395,Scarborough,54.2797,-0.4044,47.79,87,100,8.01,GB,2022-05-01 01:26:18
396,Mahon,39.8885,4.2658,59.56,67,0,4.61,ES,2022-05-01 01:26:19
397,Corner Brook,48.9667,-57.9484,39.36,99,100,1.48,CA,2022-05-01 01:26:19
398,Mehran,33.1222,46.1646,76.15,31,13,5.73,IR,2022-05-01 01:26:20
399,Kulhudhuffushi,6.6221,73.07,84.74,73,100,15.68,MV,2022-05-01 01:26:21
400,Diffa,13.3154,12.6113,85.35,42,97,6.93,NE,2022-05-01 01:26:21
401,La Palma,33.8464,-118.0467,82.92,48,0,11.5,US,2022-05-01 01:22:56
402,Kilindoni,-7.9139,39.6668,79.7,80,53,16.42,TZ,2022-05-01 01:26:22
403,Bastia,42.6667,9.3333,60.3,60,75,6.91,FR,2022-05-01 01:26:22
404,Cahors,44.4167,1.3333,48.87,76,100,3.29,FR,2022-05-01 01:26:23
405,Bojnurd,37.4747,57.329,57.15,82,75,6.91,IR,2022-05-01 01:26:24
406,Dubai,25.2582,55.3047,79.05,61,0,6.91,AE,2022-05-01 01:23:47
407,Gidam,18.9833,81.4,81.43,45,24,1.43,IN,2022-05-01 01:26:25
408,Camocim,-2.9022,-40.8411,76.62,89,100,6.04,BR,2022-05-01 01:26:25
409,Genthin,52.4,12.1667,51.26,82,87,4.56,DE,2022-05-01 01:26:26
410,Pimentel,-6.8367,-79.9342,66.33,87,77,16.17,PE,2022-05-01 01:26:27
411,Lukh,57.0124,42.2584,28.54,71,6,5.57,RU,2022-05-01 01:26:27
412,La Rioja,42.25,-2.5,42.58,79,100,4.34,ES,2022-05-01 01:27:28
413,Camabatela,-8.1881,15.375,61.56,93,98,2.33,AO,2022-05-01 01:27:28
414,Gondar,12.6,37.4667,65.43,48,12,4.41,ET,2022-05-01 01:27:29
415,Moshkovo,55.3053,83.6104,45.5,83,100,14.79,RU,2022-05-01 01:27:29
416,Malkapur,20.8833,76.2,85.14,43,5,11.65,IN,2022-05-01 01:27:30
417,Rafraf,37.1904,10.1837,55.71,84,17,8.81,TN,2022-05-01 01:27:31
418,Tashla,51.7716,52.7427,45.39,50,86,2.44,RU,2022-05-01 01:27:31
419,Bridlington,54.0831,-0.1919,51.89,91,100,4.85,GB,2022-05-01 01:27:32
420,Coihaique,-45.5752,-72.0662,44.55,87,0,4.61,CL,2022-05-01 01:26:36
421,Eenhana,-17.4667,16.3333,64.89,49,71,6.35,NA,2022-05-01 01:27:32
422,Charlottesville,38.0293,-78.4767,57.85,70,0,4.61,US,2022-05-01 01:24:31
423,Kabanga,-2.6386,30.4678,56.97,97,34,2.39,TZ,2022-05-01 01:27:33
424,Jacareacanga,-6.2222,-57.7528,73.35,96,87,2.17,BR,2022-05-01 01:27:34
425,Canandaigua,42.8742,-77.288,47.3,51,100,2.89,US,2022-05-01 01:23:39
426,Rio Gallegos,-51.6226,-69.2181,39.25,81,0,5.75,AR,2022-05-01 01:27:34
427,Pervomayskiy,53.2485,40.2871,32.92,70,0,5.32,RU,2022-05-01 01:27:35
428,Krasnyy Profintern,57.7446,40.435,26.62,68,20,6.53,RU,2022-05-01 01:27:36
429,Labytnangi,66.6572,66.4183,9.86,92,20,8.1,RU,2022-05-01 01:27:36
430,Ust-Ishim,57.6935,71.1665,34.12,62,100,5.55,RU,2022-05-01 01:27:37
431,Breves,-1.6822,-50.4803,74.21,97,100,3.65,BR,2022-05-01 01:27:37
432,Tandalti,13.0167,31.8667,82.4,8,3,7.11,SD,2022-05-01 01:27:38
433,Tchollire,8.4022,14.1698,73.81,83,100,4.05,CM,2022-05-01 01:27:39
434,Dhankuta,26.9833,87.3333,66.49,70,99,3.29,NP,2022-05-01 01:27:39
435,Padang,-0.9492,100.3543,78.85,88,100,4.83,ID,2022-05-01 01:27:40
436,Nalut,30.3333,10.85,65.7,26,21,2.73,LY,2022-05-01 01:27:40
437,Artyom,40.4723,50.333,57.34,88,100,15.99,AZ,2022-05-01 01:27:40
438,Sainte-Suzanne,-20.9061,55.6089,75.42,66,75,9.22,RE,2022-05-01 01:27:41
439,Seoni,22.0833,79.5333,85.23,22,0,4.43,IN,2022-05-01 01:27:41
440,Edd,13.9297,41.6925,86.74,61,100,8.41,ER,2022-05-01 01:27:42
441,Bouca,6.5105,18.2733,70.83,88,100,3.49,CF,2022-05-01 01:27:43
442,Banda Aceh,5.5577,95.3222,83.1,77,73,6.17,ID,2022-05-01 01:27:43
443,Chauny,49.6151,3.2186,38.44,93,95,4.68,FR,2022-05-01 01:27:44
444,Rockland,41.1668,-74.0496,56.08,46,3,0.85,US,2022-05-01 01:24:18
445,Farafangana,-22.8167,47.8333,69.73,90,4,6.6,MG,2022-05-01 01:27:44
446,Grenada,37.1882,-3.6067,53.91,69,0,0.0,ES,2022-05-01 01:25:10
447,Moratuwa,6.773,79.8816,84.22,83,100,6.85,LK,2022-05-01 01:27:45
448,Eydhafushi,5.1033,73.0708,84.49,75,100,14.81,MV,2022-05-01 01:27:46
449,Bongandanga,1.5,21.05,69.22,98,100,0.29,CD,2022-05-01 01:27:46
450,Fomboni,-12.28,43.7425,80.83,79,100,16.22,KM,2022-05-01 01:27:47
451,Qaqortoq,60.7167,-46.0333,35.44,86,26,5.73,GL,2022-05-01 01:27:47
452,Bela,25.9333,81.9833,79.93,61,1,14.34,IN,2022-05-01 01:27:48
453,Kyabe,9.4515,18.9449,85.08,48,94,6.96,TD,2022-05-01 01:27:48
454,Oudtshoorn,-33.5907,22.2014,50.36,83,57,1.28,ZA,2022-05-01 01:27:49
455,Lamu,-2.2717,40.902,82.62,82,90,14.07,KE,2022-05-01 01:27:49
456,Uruguaiana,-29.7547,-57.0883,62.53,88,100,4.61,BR,2022-05-01 01:27:49
457,Bitlis,38.5,42.25,46.67,80,100,3.24,TR,2022-05-01 01:27:50
458,Polunochnoye,60.8697,60.4153,28.06,76,14,5.99,RU,2022-05-01 01:28:51
459,Nsanje,-16.92,35.262,62.62,94,0,1.14,MW,2022-05-01 01:28:51
460,Atar,20.5169,-13.0499,79.18,15,76,5.55,MR,2022-05-01 01:27:23
461,Ruhengeri,-1.4998,29.635,55.53,97,25,0.74,RW,2022-05-01 01:28:52
462,Manacapuru,-3.2997,-60.6206,75.74,92,97,2.84,BR,2022-05-01 01:28:52
463,Saint-Georges,12.0564,-61.7485,80.28,78,20,19.57,GD,2022-05-01 01:28:53
464,Uinskoye,56.8817,56.5813,36.07,61,100,2.84,RU,2022-05-01 01:28:54
465,Sal Rei,16.1833,-22.9167,70.39,79,83,14.72,CV,2022-05-01 01:28:54
466,Skelleftea,64.7507,20.9528,33.01,66,100,2.3,SE,2022-05-01 01:28:55
467,Kyshtovka,56.555,76.6271,35.69,57,100,13.58,RU,2022-05-01 01:28:55
468,Karauli,26.5,77.0167,88.54,24,56,2.59,IN,2022-05-01 01:28:56
469,Goderich,43.7501,-81.7165,55.72,26,98,17.27,CA,2022-05-01 01:28:57
470,Sao Joao Da Barra,-21.6403,-41.0511,73.53,83,12,1.9,BR,2022-05-01 01:28:57
471,Sedlcany,49.6606,14.4266,48.96,82,100,3.51,CZ,2022-05-01 01:28:58
472,Karaton,-6.3424,106.1045,77.65,87,100,0.78,ID,2022-05-01 01:28:58
473,Puerto Madryn,-42.7692,-65.0385,49.51,65,6,15.88,AR,2022-05-01 01:28:59
474,Wolnzach,48.6038,11.6257,50.5,95,100,3.11,DE,2022-05-01 01:28:59
475,Alcaniz,41.05,-0.1333,57.78,62,100,12.15,ES,2022-05-01 01:29:00
476,General Roca,-39.0333,-67.5833,51.62,38,79,6.98,AR,2022-05-01 01:29:00
477,Gobabis,-22.45,18.9667,58.19,44,1,12.5,NA,2022-05-01 01:29:01
478,Tabou,4.423,-7.3528,79.59,85,88,3.94,CI,2022-05-01 01:29:02
479,Bandundu,-3.3167,17.3667,72.41,90,82,0.83,CD,2022-05-01 01:29:02
480,Trincomalee,8.5711,81.2335,81.66,80,78,11.61,LK,2022-05-01 01:29:03
481,Gornopravdinsk,60.05,69.9,32.14,62,9,4.63,RU,2022-05-01 01:29:03
482,Westport,41.1415,-73.3579,55.89,45,3,3.0,US,2022-05-01 01:25:05
483,Lima,-12.0432,-77.0282,68.9,72,0,17.27,PE,2022-05-01 01:29:04
484,Sharlyk,52.9167,54.75,41.97,58,13,2.64,RU,2022-05-01 01:29:05
485,Turukhansk,65.8167,87.9833,19.38,89,99,11.05,RU,2022-05-01 01:29:05
486,Thompson,55.7435,-97.8558,35.76,64,100,12.66,CA,2022-05-01 01:24:17
487,Mancio Lima,-7.6142,-72.8958,72.93,94,59,1.72,BR,2022-05-01 01:29:06
488,Chintamani,13.4,78.0667,75.54,53,18,4.03,IN,2022-05-01 01:29:06
489,Grand-Santi,4.25,-54.3833,71.91,97,13,2.37,GF,2022-05-01 01:29:07
490,Mahibadhoo,3.7833,72.9667,84.85,73,100,16.6,MV,2022-05-01 01:29:08
491,Freeport,40.6576,-73.5832,57.18,57,0,11.5,US,2022-05-01 01:29:08
492,Do Gonbadan,30.3586,50.7981,60.89,88,0,2.3,IR,2022-05-01 01:29:09
493,Zapolyarnyy,69.4154,30.8136,22.28,97,32,7.34,RU,2022-05-01 01:29:09
494,Sao Miguel Do Araguaia,-13.275,-50.1628,72.32,51,6,4.5,BR,2022-05-01 01:29:10
495,Macas,-2.3167,-78.1167,64.44,96,80,3.06,EC,2022-05-01 01:29:10
496,Nioro,13.35,-15.75,80.71,39,96,3.91,GM,2022-05-01 01:29:11
497,Porto Seguro,-16.4497,-39.0647,75.72,78,20,2.3,BR,2022-05-01 01:29:11
498,Ziarat,30.3823,67.7282,61.65,16,68,6.76,PK,2022-05-01 01:29:12
499,Amapa,1.0,-52.0,71.2,97,29,1.86,BR,2022-05-01 01:29:13
500,Dzerzhinsk,56.2389,43.4631,28.22,73,0,4.47,RU,2022-05-01 01:29:13
501,Tahoua,14.8888,5.2692,84.76,14,100,4.32,NE,2022-05-01 01:29:14
502,Wiarton,44.7407,-81.1332,49.5,40,100,8.05,CA,2022-05-01 01:29:14
503,Andenes,69.3143,16.1194,30.18,86,100,10.36,NO,2022-05-01 01:29:15
504,Boende,-0.2167,20.8667,71.4,90,100,1.61,CD,2022-05-01 01:29:15
505,Ajdabiya,30.7554,20.2263,71.37,31,100,18.32,LY,2022-05-01 01:30:16
506,Joaquim Gomes,-9.1373,-35.7519,75.45,90,100,3.89,BR,2022-05-01 01:30:16
507,Bardiyah,31.7561,25.0865,63.19,74,31,6.17,LY,2022-05-01 01:30:17
508,Ballina,-28.8667,153.5667,66.38,96,100,5.75,AU,2022-05-01 01:30:17
509,Penzance,50.1186,-5.5371,45.28,77,100,2.42,GB,2022-05-01 01:30:18
510,Konya,38.1667,32.5,49.48,86,78,9.35,TR,2022-05-01 01:25:33
511,Mangrol,21.1167,70.1167,83.12,85,1,8.34,IN,2022-05-01 01:30:19
512,Kasongo,-4.45,26.6667,67.62,99,100,1.86,CD,2022-05-01 01:30:19
513,Punta Umbria,37.1821,-6.9661,63.23,63,0,5.3,ES,2022-05-01 01:30:19
514,Gualeguay,-33.1416,-59.3097,45.52,87,15,2.26,AR,2022-05-01 01:30:20
515,Zyryanskoye,56.8306,86.6258,41.74,73,100,11.01,RU,2022-05-01 01:30:20
516,Saqqez,36.2499,46.2735,48.87,82,70,2.75,IR,2022-05-01 01:30:21
517,Isabela,6.7085,121.9711,86.05,73,95,7.34,PH,2022-05-01 01:27:41
518,Morondava,-20.2833,44.2833,70.27,78,1,10.11,MG,2022-05-01 01:30:21
519,Ordzhonikidze,52.4411,61.7408,42.12,87,100,7.76,KZ,2022-05-01 01:30:22
520,Shatrovo,56.5167,64.6333,38.79,54,93,7.81,RU,2022-05-01 01:30:23
521,Oinacu,43.95,26.0167,46.53,84,3,3.27,RO,2022-05-01 01:30:23
522,Rorvik,64.8621,11.2373,41.02,91,100,6.91,NO,2022-05-01 01:30:24
523,Micomeseng,2.1462,10.6164,69.12,98,98,1.45,GQ,2022-05-01 01:30:25
524,Plettenberg Bay,-34.0527,23.3716,56.7,77,27,6.87,ZA,2022-05-01 01:30:25
525,Corn Island,12.1694,-83.0418,81.14,80,98,15.32,NI,2022-05-01 01:30:26
526,Rheinbach,50.6256,6.9491,44.44,86,18,2.42,DE,2022-05-01 01:30:27
527,Norton Shores,43.1689,-86.2639,53.92,73,100,16.11,US,2022-05-01 01:30:27
528,Algiers,36.7525,3.042,51.62,82,20,4.61,DZ,2022-05-01 01:25:37
529,Novocheremshansk,54.3571,50.1666,35.4,88,14,7.83,RU,2022-05-01 01:30:28
530,Uribia,11.7139,-72.266,84.36,70,100,1.95,CO,2022-05-01 01:30:28
531,Riohacha,11.5444,-72.9072,81.28,85,100,4.81,CO,2022-05-01 01:30:29
532,Quelimane,-17.8786,36.8883,67.06,94,0,2.19,MZ,2022-05-01 01:30:31
533,Abu Dhabi,24.4667,54.3667,78.96,69,0,3.44,AE,2022-05-01 01:25:36
534,Puerto Carreno,6.189,-67.4859,75.45,91,100,2.13,CO,2022-05-01 01:30:33
535,Troitsko-Pechorsk,62.7084,56.1964,29.05,87,100,4.99,RU,2022-05-01 01:30:33
536,Sokoni,-6.4333,39.55,79.65,79,24,15.43,TZ,2022-05-01 01:30:34
537,Natal,-5.795,-35.2094,80.82,78,40,8.05,BR,2022-05-01 01:28:45
538,Alappuzha,9.49,76.3264,83.79,78,82,9.57,IN,2022-05-01 01:26:34
539,Kaka,37.3482,59.6143,66.33,58,99,14.0,TM,2022-05-01 01:30:35
540,Santa Rosa De Viterbo,-21.4728,-47.3631,64.65,82,31,2.91,BR,2022-05-01 01:30:35
541,Tibati,6.4667,12.6333,67.66,95,100,3.2,CM,2022-05-01 01:30:36
542,Karachi,24.9056,67.0822,85.82,58,2,8.05,PK,2022-05-01 01:25:54
543,Bubaque,11.2833,-15.8333,76.98,70,40,6.26,GW,2022-05-01 01:30:37
544,Muisne,0.6,-80.0333,76.86,84,98,6.22,EC,2022-05-01 01:30:37
545,Omboue,-1.5746,9.2618,76.51,93,78,4.88,GA,2022-05-01 01:30:38
546,Moisakula,58.0922,25.1864,30.9,76,48,4.03,EE,2022-05-01 01:30:38
547,Ailigandi,9.2333,-78.0167,79.38,88,100,5.48,PA,2022-05-01 01:30:39
548,Mushie,-3.0167,16.9,71.8,89,82,0.85,CD,2022-05-01 01:30:39
549,Roald,62.5833,6.1333,41.76,71,58,3.51,NO,2022-05-01 01:30:40
550,Norden,53.6,7.2,43.97,82,73,4.07,DE,2022-05-01 01:30:40
551,Cruzeiro Do Sul,-29.5128,-51.9853,62.51,93,100,1.36,BR,2022-05-01 01:30:41
552,Camacupa,-12.0167,17.4833,54.88,73,49,4.79,AO,2022-05-01 01:31:42
553,Akot,21.0964,77.0586,90.36,30,5,9.66,IN,2022-05-01 01:31:42
554,Suleja,9.1758,7.1808,77.99,62,95,2.57,NG,2022-05-01 01:31:43
555,Carahue,-38.7,-73.1667,42.48,80,14,1.28,CL,2022-05-01 01:31:43
556,Mbanza-Ngungu,-5.25,14.8667,68.56,94,100,2.48,CD,2022-05-01 01:31:44
557,Gbarnga,6.9956,-9.4722,73.45,96,100,1.99,LR,2022-05-01 01:31:44
558,Gamba,-2.65,10.0,75.56,93,34,4.05,GA,2022-05-01 01:31:45
559,Varhaug,58.6147,5.6457,40.89,85,0,10.78,NO,2022-05-01 01:31:45
560,Vlagtwedde,53.0275,7.1083,44.85,93,28,2.55,NL,2022-05-01 01:31:46
561,Parainen,60.3067,22.301,39.65,90,83,5.61,FI,2022-05-01 01:31:46
562,Samana,19.2056,-69.3369,73.76,95,96,6.85,DO,2022-05-01 01:31:47
563,Paltinis,48.2167,26.65,43.05,68,96,3.22,RO,2022-05-01 01:31:47
564,Rincon,32.296,-81.2354,71.85,64,40,9.22,US,2022-05-01 01:31:48
565,Kawambwa,-9.7915,29.0791,62.78,84,100,4.56,ZM,2022-05-01 01:31:48
566,Raditsa-Krylovka,53.3171,34.3574,37.96,55,53,2.24,RU,2022-05-01 01:31:49
567,Lebyazhye,55.2689,66.4947,36.63,77,100,11.86,RU,2022-05-01 01:31:49
568,George,-33.963,22.4617,51.35,82,20,4.61,ZA,2022-05-01 01:31:51
569,Hetauda,27.4284,85.0322,72.75,51,90,1.03,NP,2022-05-01 01:31:51
570,Dinanagar,32.15,75.4667,88.77,19,48,7.45,IN,2022-05-01 01:31:52
571,Manicore,-5.8092,-61.3003,74.3,98,98,2.33,BR,2022-05-01 01:31:53
572,Chapleau,47.8405,-83.4034,51.89,20,100,3.44,CA,2022-05-01 01:31:53
573,Uyuni,-20.4597,-66.825,50.0,23,0,4.38,BO,2022-05-01 01:31:54
574,Valledupar,10.4631,-73.2532,79.29,80,100,4.38,CO,2022-05-01 01:29:18
575,Uruzgan,32.8333,66.0,71.78,19,100,3.67,AF,2022-05-01 01:31:54
576,Ilhabela,-23.7781,-45.3581,70.99,86,100,4.99,BR,2022-05-01 01:31:55
577,Georgiyevka,43.0369,74.7114,64.44,52,0,11.18,KZ,2022-05-01 01:31:55
578,Terra Santa,-2.1042,-56.4869,74.3,97,76,2.21,BR,2022-05-01 01:31:56
579,Strezhevoy,60.7333,77.5889,32.83,58,10,1.59,RU,2022-05-01 01:31:56
580,Caaguazu,-25.45,-56.0167,67.24,98,97,2.8,PY,2022-05-01 01:31:57
581,Outjo,-20.1167,16.15,59.38,50,4,5.17,NA,2022-05-01 01:31:58
582,Morant Bay,17.8815,-76.4093,82.02,86,26,10.04,JM,2022-05-01 01:31:58
583,Uglovka,58.2392,33.5108,29.91,76,100,6.46,RU,2022-05-01 01:31:59
584,Biltine,14.5333,20.9167,86.94,14,68,6.98,TD,2022-05-01 01:31:59
